dataset,compressor,op,total_ms,stage_ms,compress_ms,container_ms,io_ms,pressio_call_ms,device_ms,vol_compress_ms,pressio_host_ms,residual_ms,residual_frac
s3d_cuszp_1e3,cuszp,write,418.2842,0.0000,184.1167,0.0563,231.9813,169.2745,169.2867,14.8422,-0.0121,2.1299,0.005092
s3d_cuszp_1e3,cuszp,read,644.6716,0.0000,566.5005,0.0000,14.3336,0.0000,0.0000,566.5005,0.0000,63.8375,0.099023
s3d_cuszp_1e3,cuszp,write,339.5024,0.0000,177.5450,0.0359,159.7807,162.7976,162.8111,14.7474,-0.0135,2.1407,0.006306
s3d_cuszp_1e3,cuszp,read,637.3224,0.0000,561.5361,0.0000,14.5069,0.0000,0.0000,561.5361,0.0000,61.2794,0.096151
s3d_cuszp_1e3,cuszp,write,368.4705,0.0000,174.0846,0.0362,192.2517,159.8241,159.8321,14.2605,-0.0080,2.0980,0.005694
s3d_cuszp_1e3,cuszp,read,636.0975,0.0000,559.7827,0.0000,14.2430,0.0000,0.0000,559.7827,0.0000,62.0718,0.097582
s3d_cuszp_1e3,cuszp,write,302.4012,0.0000,172.9361,0.0359,127.3064,158.7181,158.7322,14.2180,-0.0141,2.1228,0.007020
s3d_cuszp_1e3,cuszp,read,647.7857,0.0000,569.6279,0.0000,15.4713,0.0000,0.0000,569.6279,0.0000,62.6864,0.096770
s3d_cuszp_1e3,cuszp,write,373.5605,0.0000,183.4989,0.0365,187.9331,169.2284,169.2407,14.2705,-0.0122,2.0920,0.005600
s3d_cuszp_1e3,cuszp,read,625.8777,0.0000,549.6668,0.0000,14.2203,0.0000,0.0000,549.6668,0.0000,61.9905,0.099046
s3d_cuszp_1e3,cuszp,write,267.7620,0.0000,116.7136,0.0348,148.7845,101.8467,101.8605,14.8669,-0.0138,2.2291,0.008325
s3d_cuszp_1e3,cuszp,read,647.4311,0.0000,570.1320,0.0000,15.2518,0.0000,0.0000,570.1320,0.0000,62.0472,0.095836
s3d_cuszp_1e3,cuszp,write,338.7357,0.0000,176.4526,0.0361,160.1836,160.5378,160.5538,15.9148,-0.0160,2.0633,0.006091
s3d_cuszp_1e3,cuszp,read,661.7290,0.0000,585.0053,0.0000,14.8647,0.0000,0.0000,585.0053,0.0000,61.8590,0.093481
s3d_cuszp_1e3,cuszp,write,307.6400,0.0000,177.9865,0.0356,127.5130,161.5883,161.6042,16.3982,-0.0159,2.1050,0.006842
s3d_cuszp_1e3,cuszp,read,645.5504,0.0000,568.7012,0.0000,14.8675,0.0000,0.0000,568.7012,0.0000,61.9816,0.096014
s3d_cuszp_1e3,cuszp,write,257.7693,0.0000,111.9581,0.0579,143.6029,96.6596,96.6742,15.2986,-0.0146,2.1503,0.008342
s3d_cuszp_1e3,cuszp,read,640.1650,0.0000,563.6257,0.0000,14.6583,0.0000,0.0000,563.6257,0.0000,61.8811,0.096664
s3d_cuszp_1e3,cuszp,write,449.2107,0.0000,174.7975,0.0441,272.2659,160.1232,160.1363,14.6743,-0.0132,2.1032,0.004682
s3d_cuszp_1e3,cuszp,read,642.9401,0.0000,561.8850,0.0000,14.5808,0.0000,0.0000,561.8850,0.0000,66.4743,0.103391
s3d_cuszp_1e3,cuszp,write,489.1909,0.0000,181.6450,0.0377,305.3777,167.3306,167.3435,14.3144,-0.0129,2.1304,0.004355
s3d_cuszp_1e3,cuszp,read,625.1734,0.0000,548.4533,0.0000,14.3722,0.0000,0.0000,548.4533,0.0000,62.3479,0.099729
s3d_cuszp_1e3,cuszp,write,236.5616,0.0000,109.0931,0.0441,125.3224,93.1670,93.1805,15.9260,-0.0134,2.1020,0.008886
s3d_cuszp_1e3,cuszp,read,644.4365,0.0000,567.5087,0.0000,14.6457,0.0000,0.0000,567.5087,0.0000,62.2821,0.096646
s3d_cuszp_1e3,cuszp,write,340.0380,0.0000,180.0225,0.0373,157.8661,164.6638,164.6762,15.3587,-0.0123,2.1121,0.006211
s3d_cuszp_1e3,cuszp,read,641.8877,0.0000,565.8172,0.0000,14.7504,0.0000,0.0000,565.8172,0.0000,61.3200,0.095531
s3d_cuszp_1e3,cuszp,write,314.2359,0.0000,173.7786,0.0364,138.3405,159.2851,159.2993,14.4936,-0.0142,2.0803,0.006620
s3d_cuszp_1e3,cuszp,read,640.1282,0.0000,558.7133,0.0000,15.4682,0.0000,0.0000,558.7133,0.0000,65.9466,0.103021
s3d_cuszp_1e3,cuszp,write,395.7032,0.0000,173.0371,0.0352,220.6425,157.6768,157.6919,15.3603,-0.0151,1.9885,0.005025
s3d_cuszp_1e3,cuszp,read,635.1339,0.0000,559.3990,0.0000,14.4534,0.0000,0.0000,559.3990,0.0000,61.2815,0.096486
s3d_cuszp_1e3,cuszp,write,346.1500,0.0000,171.8844,0.0369,172.2348,157.7360,157.7516,14.1484,-0.0156,1.9939,0.005760
s3d_cuszp_1e3,cuszp,read,646.0127,0.0000,568.7446,0.0000,14.9367,0.0000,0.0000,568.7446,0.0000,62.3315,0.096487
s3d_cuszp_1e3,cuszp,write,258.8214,0.0000,103.1403,0.0607,153.5086,88.4730,0.0000,14.6673,88.4730,2.1119,0.008160
s3d_cuszp_1e3,cuszp,read,645.9533,0.0000,568.9642,0.0000,14.7572,0.0000,0.0000,568.9642,0.0000,62.2319,0.096341
s3d_cuszp_1e3,cuszp,write,298.3926,0.0000,174.2361,0.0348,122.0007,159.7910,0.0000,14.4451,159.7910,2.1209,0.007108
s3d_cuszp_1e3,cuszp,read,644.0595,0.0000,566.5429,0.0000,14.7281,0.0000,0.0000,566.5429,0.0000,62.7885,0.097489
s3d_cuszp_1e3,cuszp,write,272.2083,0.0000,112.3023,0.0338,157.7668,92.2723,0.0000,20.0300,92.2723,2.1055,0.007735
s3d_cuszp_1e3,cuszp,read,637.3393,0.0000,560.8326,0.0000,14.8086,0.0000,0.0000,560.8326,0.0000,61.6981,0.096806
s3d_cuszp_1e3,cuszp,write,268.2972,0.0000,106.7415,0.0349,159.4119,92.6311,0.0000,14.1104,92.6311,2.1088,0.007860
s3d_cuszp_1e3,cuszp,read,621.1653,0.0000,545.1718,0.0000,14.3762,0.0000,0.0000,545.1718,0.0000,61.6173,0.099196
s3d_cuszp_1e3,cuszp,write,285.7344,0.0000,181.6083,0.0343,101.8529,167.2818,0.0000,14.3265,167.2818,2.2391,0.007836
s3d_cuszp_1e3,cuszp,read,643.1796,0.0000,562.5180,0.0000,14.5861,0.0000,0.0000,562.5180,0.0000,66.0755,0.102733
s3d_cuszp_1e3,cuszp,write,370.4744,0.0000,161.9603,0.0365,206.2982,146.6045,0.0000,15.3558,146.6045,2.1795,0.005883
s3d_cuszp_1e3,cuszp,read,637.1640,0.0000,560.0375,0.0000,14.6720,0.0000,0.0000,560.0375,0.0000,62.4545,0.098020
s3d_cuszp_1e3,cuszp,write,229.0453,0.0000,102.4874,0.0360,124.4258,87.9638,0.0000,14.5236,87.9638,2.0960,0.009151
s3d_cuszp_1e3,cuszp,read,645.5982,0.0000,564.5271,0.0000,14.5569,0.0000,0.0000,564.5271,0.0000,66.5142,0.103027
s3d_cuszp_1e3,cuszp,write,262.7394,0.0000,108.2060,0.0364,152.3718,88.1370,0.0000,20.0690,88.1370,2.1252,0.008089
s3d_cuszp_1e3,cuszp,read,648.4576,0.0000,570.4671,0.0000,14.8130,0.0000,0.0000,570.4671,0.0000,63.1774,0.097427
s3d_cuszp_1e3,cuszp,write,241.5717,0.0000,109.2493,0.0349,130.1846,89.1606,0.0000,20.0886,89.1606,2.1029,0.008705
s3d_cuszp_1e3,cuszp,read,643.0692,0.0000,565.1151,0.0000,14.6713,0.0000,0.0000,565.1151,0.0000,63.2827,0.098407
s3d_cuszp_1e3,cuszp,write,377.8079,0.0000,181.7595,0.0352,193.9265,161.0700,0.0000,20.6896,161.0700,2.0867,0.005523
s3d_cuszp_1e3,cuszp,read,637.2810,0.0000,561.3851,0.0000,14.6729,0.0000,0.0000,561.3851,0.0000,61.2230,0.096069
s3d_cuszp_1e3,cuszp,write,305.0672,0.0000,185.9082,0.0341,117.0146,165.0312,0.0000,20.8770,165.0312,2.1103,0.006917
s3d_cuszp_1e3,cuszp,read,637.5396,0.0000,559.9111,0.0000,14.8360,0.0000,0.0000,559.9111,0.0000,62.7926,0.098492
s3d_cuszp_1e3,cuszp,write,297.6337,0.0000,174.1171,0.0346,121.4027,159.7795,0.0000,14.3376,159.7795,2.0794,0.006986
s3d_cuszp_1e3,cuszp,read,637.5057,0.0000,560.3158,0.0000,14.6113,0.0000,0.0000,560.3158,0.0000,62.5786,0.098162
s3d_cuszp_1e3,cuszp,write,224.4924,0.0000,102.2294,0.0351,120.0182,87.8531,0.0000,14.3763,87.8531,2.2098,0.009843
s3d_cuszp_1e3,cuszp,read,642.1656,0.0000,562.8099,0.0000,14.5561,0.0000,0.0000,562.8099,0.0000,64.7996,0.100908
s3d_cuszp_1e3,cuszp,write,303.4479,0.0000,112.4765,0.0338,188.8477,97.8060,0.0000,14.6705,97.8060,2.0899,0.006887
s3d_cuszp_1e3,cuszp,read,640.5733,0.0000,563.9467,0.0000,14.5660,0.0000,0.0000,563.9467,0.0000,62.0605,0.096883
s3d_cuszp_1e3,cuszp,write,328.0267,0.0000,173.6361,0.0341,152.3366,159.6667,0.0000,13.9694,159.6667,2.0200,0.006158
s3d_cuszp_1e3,cuszp,read,647.5444,0.0000,571.6174,0.0000,14.4208,0.0000,0.0000,571.6174,0.0000,61.5062,0.094984
s3d_cuszp_1e3,cuszp,write,320.1043,0.0000,173.8406,0.0346,144.2256,159.5581,0.0000,14.2825,159.5581,2.0034,0.006259
s3d_cuszp_1e3,cuszp,read,644.6453,0.0000,567.9480,0.0000,14.8492,0.0000,0.0000,567.9480,0.0000,61.8482,0.095941
s3d_cuszp_1e3,cuszp,write,165.1355,0.0000,19.6611,0.0184,143.2946,5.1980,0.0000,14.4631,5.1980,2.1614,0.013089
s3d_cuszp_1e3,cuszp,read,639.9680,0.0000,563.3716,0.0000,14.8749,0.0000,0.0000,563.3716,0.0000,61.7215,0.096445
s3d_cuszp_1e3,cuszp,write,352.7016,0.0000,108.6741,0.0373,241.9756,92.5353,0.0000,16.1388,92.5353,2.0146,0.005712
s3d_cuszp_1e3,cuszp,read,634.1104,0.0000,557.5146,0.0000,15.0191,0.0000,0.0000,557.5146,0.0000,61.5768,0.097107
s3d_cuszp_1e3,cuszp,write,152.4909,0.0000,24.1370,0.0211,126.2362,10.1540,0.0000,13.9830,10.1540,2.0966,0.013749
s3d_cuszp_1e3,cuszp,read,638.3920,0.0000,562.6232,0.0000,14.2260,0.0000,0.0000,562.6232,0.0000,61.5428,0.096403
s3d_cuszp_1e3,cuszp,write,224.0400,0.0000,102.0017,0.0359,120.0349,88.1041,0.0000,13.8976,88.1041,1.9675,0.008782
s3d_cuszp_1e3,cuszp,read,631.4186,0.0000,555.7110,0.0000,14.6137,0.0000,0.0000,555.7110,0.0000,61.0939,0.096757
s3d_cuszp_1e3,cuszp,write,148.9752,0.0000,19.4487,0.0180,127.4019,5.1599,0.0000,14.2888,5.1599,2.1067,0.014141
s3d_cuszp_1e3,cuszp,read,643.3400,0.0000,566.2194,0.0000,14.6321,0.0000,0.0000,566.2194,0.0000,62.4885,0.097131
s3d_cuszp_1e3,cuszp,write,289.2185,0.0000,102.2640,0.0369,184.9474,87.8562,0.0000,14.4079,87.8562,1.9702,0.006812
s3d_cuszp_1e3,cuszp,read,636.4228,0.0000,558.9242,0.0000,14.9084,0.0000,0.0000,558.9242,0.0000,62.5902,0.098347
s3d_cuszp_1e3,cuszp,write,184.0515,0.0000,21.3213,0.0181,160.6321,6.9671,0.0000,14.3542,6.9671,2.0800,0.011301
s3d_cuszp_1e3,cuszp,read,648.9411,0.0000,572.2403,0.0000,14.6895,0.0000,0.0000,572.2403,0.0000,62.0113,0.095558
s3d_cuszp_1e3,cuszp,write,239.9550,0.0000,102.9941,0.0356,134.9365,88.1595,0.0000,14.8346,88.1595,1.9888,0.008288
s3d_cuszp_1e3,cuszp,read,640.8993,0.0000,564.8650,0.0000,14.9090,0.0000,0.0000,564.8650,0.0000,61.1254,0.095374
s3d_cuszp_1e3,cuszp,write,151.2522,0.0000,24.6354,0.0208,124.4980,5.1774,0.0000,19.4580,5.1774,2.0980,0.013871
s3d_cuszp_1e3,cuszp,read,644.2295,0.0000,566.6540,0.0000,14.6333,0.0000,0.0000,566.6540,0.0000,62.9422,0.097701
s3d_cuszp_1e3,cuszp,write,373.8223,0.0000,105.7586,0.0528,266.0635,91.8628,0.0000,13.8958,91.8628,1.9474,0.005209
s3d_cuszp_1e3,cuszp,read,617.2054,0.0000,540.3599,0.0000,14.1705,0.0000,0.0000,540.3599,0.0000,62.6749,0.101546
s3d_cuszp_1e3,cuszp,write,208.2476,0.0000,19.1702,0.0170,186.9966,5.1235,0.0000,14.0467,5.1235,2.0639,0.009911
s3d_cuszp_1e3,cuszp,read,623.9778,0.0000,545.4919,0.0000,14.9555,0.0000,0.0000,545.4919,0.0000,63.5303,0.101815
s3d_cuszp_1e3,cuszp,write,227.7469,0.0000,102.5476,0.0358,123.1461,88.3408,0.0000,14.2068,88.3408,2.0174,0.008858
s3d_cuszp_1e3,cuszp,read,632.3111,0.0000,556.3853,0.0000,14.3834,0.0000,0.0000,556.3853,0.0000,61.5423,0.097329
s3d_cuszp_1e3,cuszp,write,239.5275,0.0000,24.7212,0.0218,212.6726,5.1838,0.0000,19.5374,5.1838,2.1118,0.008816
s3d_cuszp_1e3,cuszp,read,640.8572,0.0000,564.4893,0.0000,14.6117,0.0000,0.0000,564.4893,0.0000,61.7563,0.096365
s3d_cuszp_1e3,cuszp,write,242.9659,0.0000,101.3200,0.0367,139.6215,87.4637,0.0000,13.8563,87.4637,1.9877,0.008181
s3d_cuszp_1e3,cuszp,read,618.9979,0.0000,542.9901,0.0000,14.5176,0.0000,0.0000,542.9901,0.0000,61.4903,0.099338
s3d_cuszp_1e3,cuszp,write,392.3819,0.0000,22.8610,0.0174,367.5401,8.6287,0.0000,14.2323,8.6287,1.9634,0.005004
s3d_cuszp_1e3,cuszp,read,647.5388,0.0000,570.4488,0.0000,15.0440,0.0000,0.0000,570.4488,0.0000,62.0461,0.095818
s3d_cuszp_1e3,cuszp,write,250.7247,0.0000,102.7079,0.0355,145.9760,88.4289,0.0000,14.2790,88.4289,2.0052,0.007998
s3d_cuszp_1e3,cuszp,read,638.8530,0.0000,562.6872,0.0000,15.0265,0.0000,0.0000,562.6872,0.0000,61.1392,0.095702
s3d_cuszp_1e3,cuszp,write,224.1610,0.0000,19.7865,0.0311,202.3279,5.5369,0.0000,14.2496,5.5369,2.0155,0.008991
s3d_cuszp_1e3,cuszp,read,644.9807,0.0000,569.5924,0.0000,14.4165,0.0000,0.0000,569.5924,0.0000,60.9717,0.094533
s3d_cuszp_1e3,cuszp,write,246.7802,0.0000,105.6288,0.0496,139.0860,91.5690,0.0000,14.0598,91.5690,2.0158,0.008168
s3d_cuszp_1e3,cuszp,read,633.5896,0.0000,558.1311,0.0000,14.6098,0.0000,0.0000,558.1311,0.0000,60.8487,0.096038
s3d_cuszp_1e3,cuszp,write,153.2170,0.0000,23.5231,0.0162,127.7224,8.7182,0.0000,14.8049,8.7182,1.9554,0.012762
s3d_cuszp_1e3,cuszp,read,657.1985,0.0000,558.9683,0.0000,36.2124,0.0000,0.0000,558.9683,0.0000,62.0178,0.094367
s3d_cuszp_1e3,cuszp,write,213.3817,0.0000,102.2611,0.0355,109.1954,88.2978,0.0000,13.9633,88.2978,1.8896,0.008856
s3d_cuszp_1e3,cuszp,read,643.7524,0.0000,565.8530,0.0000,14.7167,0.0000,0.0000,565.8530,0.0000,63.1826,0.098147
s3d_cuszp_1e3,cuszp,write,258.2410,0.0000,20.7447,0.0162,235.5312,6.2050,0.0000,14.5397,6.2050,1.9489,0.007547
s3d_cuszp_1e3,cuszp,read,632.1557,0.0000,556.1149,0.0000,14.5680,0.0000,0.0000,556.1149,0.0000,61.4728,0.097243
s3d_cuszp_1e3,cuszp,write,284.9645,0.0000,106.0907,0.0492,176.9202,92.1483,0.0000,13.9425,92.1483,1.9043,0.006683
s3d_cuszp_1e3,cuszp,read,623.8417,0.0000,548.0832,0.0000,14.4948,0.0000,0.0000,548.0832,0.0000,61.2638,0.098204
s3d_cuszp_1e3,cuszp,write,164.2780,0.0000,19.0402,0.0163,143.2250,5.1111,0.0000,13.9292,5.1111,1.9965,0.012153
s3d_cuszp_1e3,cuszp,read,635.1628,0.0000,557.4258,0.0000,14.4620,0.0000,0.0000,557.4258,0.0000,63.2749,0.099620
s3d_cuszp_1e3,cuszp,write,336.1314,0.0000,103.8544,0.0357,230.3243,88.8952,0.0000,14.9592,88.8952,1.9170,0.005703
s3d_cuszp_1e3,cuszp,read,608.8560,0.0000,533.1123,0.0000,14.4187,0.0000,0.0000,533.1123,0.0000,61.3250,0.100722
s3d_cuszp_1e3,cuszp,write,214.9456,0.0000,19.4076,0.0165,193.5745,5.1766,0.0000,14.2310,5.1766,1.9470,0.009058
s3d_cuszp_1e3,cuszp,read,630.1845,0.0000,553.6540,0.0000,14.6064,0.0000,0.0000,553.6540,0.0000,61.9240,0.098263
s3d_cuszp_1e3,cuszp,write,294.6278,0.0000,101.9798,0.0345,190.7136,87.9793,0.0000,14.0006,87.9793,1.8999,0.006448
s3d_cuszp_1e3,cuszp,read,609.7209,0.0000,533.8562,0.0000,14.2843,0.0000,0.0000,533.8562,0.0000,61.5804,0.100998
s3d_cuszp_1e3,cuszp,write,138.8303,0.0000,19.4955,0.0162,117.3550,5.1708,0.0000,14.3247,5.1708,1.9635,0.014143
s3d_cuszp_1e3,cuszp,read,634.2051,0.0000,558.6066,0.0000,14.5237,0.0000,0.0000,558.6066,0.0000,61.0748,0.096301
s3d_cuszp_1e3,cuszp,write,253.9638,0.0000,102.6711,0.0350,149.3939,88.9312,0.0000,13.7399,88.9312,1.8638,0.007339
s3d_cuszp_1e3,cuszp,read,635.5676,0.0000,559.2524,0.0000,13.9730,0.0000,0.0000,559.2524,0.0000,62.3422,0.098089
s3d_cuszp_1e3,cuszp,write,148.0135,0.0000,19.2369,0.0158,126.7953,5.1333,0.0000,14.1036,5.1333,1.9654,0.013279
s3d_cuszp_1e3,cuszp,read,626.2864,0.0000,551.9523,0.0000,13.8815,0.0000,0.0000,551.9523,0.0000,60.4526,0.096525
s3d_cuszp_1e3,cuszp,write,313.6279,0.0000,108.0576,0.0477,203.6161,94.3656,0.0000,13.6919,94.3656,1.9066,0.006079
s3d_cuszp_1e3,cuszp,read,650.6526,0.0000,573.8299,0.0000,13.9775,0.0000,0.0000,573.8299,0.0000,62.8452,0.096588
s3d_cuszp_1e3,cuszp,write,274.9253,0.0000,19.5507,0.0176,253.4232,5.4242,0.0000,14.1265,5.4242,1.9338,0.007034
s3d_cuszp_1e3,cuszp,read,636.8186,0.0000,559.2711,0.0000,14.5112,0.0000,0.0000,559.2711,0.0000,63.0364,0.098986
s3d_cuszp_1e3,cuszp,write,281.1601,0.0000,107.4434,0.0350,171.7807,93.3646,0.0000,14.0787,93.3646,1.9010,0.006761
s3d_cuszp_1e3,cuszp,read,699.9572,0.0000,556.7881,0.0000,14.6926,0.0000,0.0000,556.7881,0.0000,128.4765,0.183549
s3d_cuszp_1e3,cuszp,write,223.7557,0.0000,18.7884,0.0282,203.0006,5.1183,0.0000,13.6700,5.1183,1.9385,0.008664
s3d_cuszp_1e3,cuszp,read,610.1422,0.0000,534.3534,0.0000,12.6793,0.0000,0.0000,534.3534,0.0000,63.1095,0.103434
s3d_cuszp_1e3,cuszp,write,228.5541,0.0000,114.6838,0.0523,111.9189,94.1118,0.0000,20.5720,94.1118,1.8991,0.008309
s3d_cuszp_1e3,cuszp,read,630.5453,0.0000,555.0266,0.0000,12.7331,0.0000,0.0000,555.0266,0.0000,62.7856,0.099573
s3d_cuszp_1e3,cuszp,write,222.8696,0.0000,18.7138,0.0161,202.2339,5.1443,0.0000,13.5695,5.1443,1.9059,0.008552
s3d_cuszp_1e3,cuszp,read,635.6001,0.0000,558.3037,0.0000,12.8335,0.0000,0.0000,558.3037,0.0000,64.4629,0.101421
s3d_cuszp_1e3,cuszp,write,236.9510,0.0000,104.1593,0.0344,130.8940,90.3774,0.0000,13.7820,90.3774,1.8633,0.007864
s3d_cuszp_1e3,cuszp,read,625.7573,0.0000,552.0288,0.0000,12.2448,0.0000,0.0000,552.0288,0.0000,61.4837,0.098255
s3d_cuszp_1e3,cuszp,write,155.4274,0.0000,18.7274,0.0152,134.7932,5.1594,0.0000,13.5679,5.1594,1.8917,0.012171
s3d_cuszp_1e3,cuszp,read,694.9173,0.0000,571.0220,0.0000,12.5010,0.0000,0.0000,571.0220,0.0000,111.3942,0.160299
s3d_cuszp_1e3,cuszp,write,288.9183,0.0000,108.7827,0.0479,178.1953,95.0975,0.0000,13.6852,95.0975,1.8924,0.006550
s3d_cuszp_1e3,cuszp,read,609.7805,0.0000,533.1624,0.0000,15.5574,0.0000,0.0000,533.1624,0.0000,61.0606,0.100135
s3d_cuszp_1e3,cuszp,write,130.4852,0.0000,18.8379,0.0152,109.7045,5.1591,0.0000,13.6788,5.1591,1.9276,0.014773
s3d_cuszp_1e3,cuszp,read,629.5344,0.0000,550.4364,0.0000,12.3368,0.0000,0.0000,550.4364,0.0000,66.7613,0.106049
s3d_cuszp_1e3,cuszp,write,258.8973,0.0000,115.8760,0.0518,141.0833,100.2092,0.0000,15.6668,100.2092,1.8861,0.007285
s3d_cuszp_1e3,cuszp,read,622.9232,0.0000,549.1905,0.0000,12.3921,0.0000,0.0000,549.1905,0.0000,61.3406,0.098472
s3d_cuszp_1e3,cuszp,write,207.4937,0.0000,19.5300,0.0160,185.6135,5.4594,0.0000,14.0706,5.4594,2.3343,0.011250
s3d_cuszp_1e3,cuszp,read,609.7580,0.0000,535.6426,0.0000,12.6733,0.0000,0.0000,535.6426,0.0000,61.4421,0.100765
s3d_cuszp_1e3,cuszp,write,252.7009,0.0000,104.9842,0.0354,145.7860,88.6160,0.0000,16.3681,88.6160,1.8953,0.007500
s3d_cuszp_1e3,cuszp,read,610.0067,0.0000,536.0495,0.0000,12.8627,0.0000,0.0000,536.0495,0.0000,61.0945,0.100154
s3d_cuszp_1e3,cuszp,write,128.7484,0.0000,19.2221,0.0157,107.5496,5.1893,0.0000,14.0328,5.1893,1.9609,0.015230
s3d_cuszp_1e3,cuszp,read,624.7295,0.0000,549.5824,0.0000,13.0583,0.0000,0.0000,549.5824,0.0000,62.0888,0.099385
s3d_cuszp_1e3,cuszp,write,278.0526,0.0000,106.1402,0.0357,169.9731,92.0838,0.0000,14.0564,92.0838,1.9035,0.006846
s3d_cuszp_1e3,cuszp,read,625.6304,0.0000,550.8479,0.0000,12.8108,0.0000,0.0000,550.8479,0.0000,61.9717,0.099055
s3d_cuszp_1e3,cuszp,write,168.7378,0.0000,19.4273,0.0157,147.3870,5.2083,0.0000,14.2190,5.2083,1.9078,0.011307
s3d_cuszp_1e3,cuszp,read,623.8153,0.0000,548.6906,0.0000,13.2975,0.0000,0.0000,548.6906,0.0000,61.8272,0.099111
s3d_cuszp_1e3,cuszp,write,301.4492,0.0000,102.7574,0.0361,196.7457,88.7764,0.0000,13.9811,88.7764,1.9100,0.006336
s3d_cuszp_1e3,cuszp,read,623.2279,0.0000,549.0899,0.0000,12.6597,0.0000,0.0000,549.0899,0.0000,61.4783,0.098645
s3d_cuszp_1e3,cuszp,write,217.9251,0.0000,27.6605,0.0163,188.3474,10.8562,0.0000,16.8043,10.8562,1.9009,0.008723
s3d_cuszp_1e3,cuszp,read,821.7356,0.0000,616.0660,0.0000,12.7778,0.0000,0.0000,616.0660,0.0000,192.8917,0.234737
s3d_cuszp_1e3,cuszp,write,278.0833,0.0000,101.4889,0.0362,174.6578,87.7672,0.0000,13.7216,87.7672,1.9005,0.006834
s3d_cuszp_1e3,cuszp,read,841.5737,0.0000,562.8628,0.0000,12.9238,0.0000,0.0000,562.8628,0.0000,265.7872,0.315822
s3d_cuszp_1e3,cuszp,write,140.6168,0.0000,19.1676,0.0171,119.5277,5.1645,0.0000,14.0031,5.1645,1.9044,0.013543
s3d_cuszp_1e3,cuszp,read,607.1519,0.0000,533.2882,0.0000,12.7716,0.0000,0.0000,533.2882,0.0000,61.0921,0.100621
s3d_cuszp_1e3,cuszp,write,210.6438,0.0000,101.5772,0.0380,107.1648,87.9059,0.0000,13.6714,87.9059,1.8638,0.008848
s3d_cuszp_1e3,cuszp,read,615.8318,0.0000,542.0950,0.0000,12.9214,0.0000,0.0000,542.0950,0.0000,60.8155,0.098753
s3d_cuszp_1e3,cuszp,write,128.9218,0.0000,20.6786,0.0157,106.2973,5.6448,0.0000,15.0338,5.6448,1.9301,0.014971
s3d_cuszp_1e3,cuszp,read,621.4492,0.0000,546.0633,0.0000,12.6610,0.0000,0.0000,546.0633,0.0000,62.7249,0.100933
s3d_cuszp_1e3,cuszp,write,255.8246,0.0000,102.6151,0.0370,151.3059,88.9241,0.0000,13.6911,88.9241,1.8667,0.007297
s3d_cuszp_1e3,cuszp,read,627.1034,0.0000,551.3511,0.0000,12.7698,0.0000,0.0000,551.3511,0.0000,62.9825,0.100434
s3d_cuszp_1e3,cuszp,write,208.2794,0.0000,19.1779,0.0182,187.1773,5.1904,0.0000,13.9875,5.1904,1.9059,0.009151
s3d_cuszp_1e3,cuszp,read,688.6334,0.0000,554.5981,0.0000,12.7557,0.0000,0.0000,554.5981,0.0000,121.2797,0.176116
s3d_cuszp_1e3,cuszp,write,362.8913,0.0000,102.2524,0.0377,258.6985,88.2551,0.0000,13.9973,88.2551,1.9026,0.005243
s3d_cuszp_1e3,cuszp,read,605.3596,0.0000,531.6295,0.0000,12.8092,0.0000,0.0000,531.6295,0.0000,60.9209,0.100636
s3d_cuszp_1e3,cuszp,write,203.7863,0.0000,19.3695,0.0153,182.3362,5.1876,0.0000,14.1820,5.1876,2.0653,0.010134
s3d_cuszp_1e3,cuszp,read,625.1592,0.0000,550.6226,0.0000,13.0927,0.0000,0.0000,550.6226,0.0000,61.4439,0.098285
s3d_cuszp_1e3,cuszp,write,373.5488,0.0000,102.5867,0.0373,269.0259,88.3969,0.0000,14.1899,88.3969,1.8989,0.005083
s3d_cuszp_1e3,cuszp,read,626.7792,0.0000,550.8277,0.0000,12.8274,0.0000,0.0000,550.8277,0.0000,63.1240,0.100712
s3d_cuszp_1e3,cuszp,write,129.7934,0.0000,19.9547,0.0161,107.9197,5.1326,0.0000,14.8221,5.1326,1.9029,0.014661
s3d_cuszp_1e3,cuszp,read,613.1351,0.0000,536.3080,0.0000,12.4621,0.0000,0.0000,536.3080,0.0000,64.3649,0.104977
s3d_cuszp_1e3,cuszp,write,363.2732,0.0000,102.6183,0.0371,258.7298,88.6475,0.0000,13.9708,88.6475,1.8881,0.005197
s3d_cuszp_1e3,cuszp,read,625.9132,0.0000,549.8749,0.0000,12.8157,0.0000,0.0000,549.8749,0.0000,63.2226,0.101009
s3d_cuszp_1e3,cuszp,write,157.9798,0.0000,19.1359,0.0161,136.8873,5.1731,0.0000,13.9628,5.1731,1.9405,0.012283
s3d_cuszp_1e3,cuszp,read,622.6427,0.0000,548.0588,0.0000,13.0574,0.0000,0.0000,548.0588,0.0000,61.5264,0.098815
s3d_cuszp_1e3,cuszp,write,266.9029,0.0000,102.6177,0.0365,162.3735,87.8643,0.0000,14.7533,87.8643,1.8753,0.007026
s3d_cuszp_1e3,cuszp,read,617.6581,0.0000,543.8412,0.0000,12.4122,0.0000,0.0000,543.8412,0.0000,61.4047,0.099415
s3d_cuszp_1e3,cuszp,write,159.7230,0.0000,19.1202,0.0162,138.6770,5.1655,0.0000,13.9547,5.1655,1.9096,0.011956
s3d_cuszp_1e3,cuszp,read,694.7354,0.0000,554.3794,0.0000,12.7057,0.0000,0.0000,554.3794,0.0000,127.6503,0.183740
s3d_cuszp_1e3,cuszp,write,242.8600,0.0000,101.5031,0.0369,139.4345,87.5010,0.0000,14.0020,87.5010,1.8855,0.007764
s3d_cuszp_1e3,cuszp,read,633.6094,0.0000,559.6995,0.0000,12.8771,0.0000,0.0000,559.6995,0.0000,61.0329,0.096326
s3d_cuszp_1e3,cuszp,write,315.0540,0.0000,19.3377,0.0155,293.8174,5.3823,0.0000,13.9554,5.3823,1.8834,0.005978
s3d_cuszp_1e3,cuszp,read,633.2994,0.0000,557.5984,0.0000,13.3763,0.0000,0.0000,557.5984,0.0000,62.3247,0.098413
s3d_cuszp_1e3,cuszp,write,235.1137,0.0000,111.7242,0.0348,121.4510,97.5709,0.0000,14.1533,97.5709,1.9037,0.008097
s3d_cuszp_1e3,cuszp,read,843.6484,0.0000,565.8539,0.0000,13.2747,0.0000,0.0000,565.8539,0.0000,264.5198,0.313543
miranda_cuszp_1e3,cuszp,write,24.8335,0.0000,14.0881,0.0341,9.1234,4.1847,0.0000,9.9033,4.1847,1.5879,0.063942
miranda_cuszp_1e3,cuszp,read,259.9995,0.0000,174.8664,0.0000,10.3289,0.0000,0.0000,174.8664,0.0000,74.8041,0.287709
miranda_cuszp_1e3,cuszp,write,51.3012,0.0000,40.5487,0.0380,9.1398,30.7207,0.0000,9.8281,30.7207,1.5746,0.030693
miranda_cuszp_1e3,cuszp,read,203.7893,0.0000,173.9363,0.0000,10.0941,0.0000,0.0000,173.9363,0.0000,19.7589,0.096958
miranda_cuszp_1e3,cuszp,write,25.9717,0.0000,16.1839,0.0186,8.2142,5.4302,0.0000,10.7536,5.4302,1.5551,0.059877
miranda_cuszp_1e3,cuszp,read,233.7570,0.0000,171.4527,0.0000,9.9398,0.0000,0.0000,171.4527,0.0000,52.3645,0.224013
miranda_cuszp_1e3,cuszp,write,61.0970,0.0000,50.6950,0.0369,8.8101,38.5744,0.0000,12.1206,38.5744,1.5551,0.025453
miranda_cuszp_1e3,cuszp,read,207.3157,0.0000,176.9580,0.0000,10.0647,0.0000,0.0000,176.9580,0.0000,20.2929,0.097884
miranda_cuszp_1e3,cuszp,write,26.5105,0.0000,17.3705,0.0187,7.5737,4.9524,0.0000,12.4181,4.9524,1.5477,0.058379
miranda_cuszp_1e3,cuszp,read,246.6575,0.0000,179.9295,0.0000,10.2816,0.0000,0.0000,179.9295,0.0000,56.4464,0.228845
miranda_cuszp_1e3,cuszp,write,61.3939,0.0000,51.3250,0.0361,8.4654,40.0746,0.0000,11.2504,40.0746,1.5674,0.025530
miranda_cuszp_1e3,cuszp,read,206.9111,0.0000,177.0912,0.0000,9.9914,0.0000,0.0000,177.0912,0.0000,19.8285,0.095831
miranda_cuszp_1e3,cuszp,write,23.6149,0.0000,13.5771,0.0180,8.4465,3.7023,0.0000,9.8748,3.7023,1.5733,0.066623
miranda_cuszp_1e3,cuszp,read,205.5626,0.0000,175.0309,0.0000,10.2960,0.0000,0.0000,175.0309,0.0000,20.2357,0.098441
miranda_cuszp_1e3,cuszp,write,60.9253,0.0000,50.8257,0.0455,8.5022,40.1577,0.0000,10.6681,40.1577,1.5519,0.025472
miranda_cuszp_1e3,cuszp,read,202.9778,0.0000,173.1530,0.0000,10.0579,0.0000,0.0000,173.1530,0.0000,19.7669,0.097385
miranda_cuszp_1e3,cuszp,write,23.8105,0.0000,13.4748,0.0350,8.5649,3.7021,0.0000,9.7727,3.7021,1.7358,0.072900
miranda_cuszp_1e3,cuszp,read,205.0313,0.0000,174.7497,0.0000,10.2554,0.0000,0.0000,174.7497,0.0000,20.0261,0.097673
miranda_cuszp_1e3,cuszp,write,50.5808,0.0000,40.7195,0.0354,8.2599,30.8883,0.0000,9.8312,30.8883,1.5660,0.030961
miranda_cuszp_1e3,cuszp,read,203.1969,0.0000,173.3498,0.0000,10.0141,0.0000,0.0000,173.3498,0.0000,19.8330,0.097605
miranda_cuszp_1e3,cuszp,write,23.3669,0.0000,13.4775,0.0187,8.2923,3.7177,0.0000,9.7598,3.7177,1.5783,0.067546
miranda_cuszp_1e3,cuszp,read,205.5950,0.0000,175.4314,0.0000,10.2516,0.0000,0.0000,175.4314,0.0000,19.9120,0.096850
miranda_cuszp_1e3,cuszp,write,52.8169,0.0000,42.8011,0.0363,8.4292,32.7754,0.0000,10.0257,32.7754,1.5502,0.029351
miranda_cuszp_1e3,cuszp,read,276.1335,0.0000,177.2683,0.0000,9.9319,0.0000,0.0000,177.2683,0.0000,88.9333,0.322066
miranda_cuszp_1e3,cuszp,write,23.3507,0.0000,13.4092,0.0179,8.3720,3.6965,0.0000,9.7127,3.6965,1.5517,0.066452
miranda_cuszp_1e3,cuszp,read,205.6609,0.0000,174.9543,0.0000,10.2612,0.0000,0.0000,174.9543,0.0000,20.4454,0.099413
miranda_cuszp_1e3,cuszp,write,51.9482,0.0000,42.0904,0.0381,8.2768,31.5893,0.0000,10.5012,31.5893,1.5429,0.029701
miranda_cuszp_1e3,cuszp,read,205.6338,0.0000,175.2795,0.0000,10.1375,0.0000,0.0000,175.2795,0.0000,20.2168,0.098315
miranda_cuszp_1e3,cuszp,write,30.7949,0.0000,21.0427,0.0180,8.3094,7.1967,0.0000,13.8460,7.1967,1.4248,0.046268
miranda_cuszp_1e3,cuszp,read,203.8447,0.0000,169.2528,0.0000,9.9311,0.0000,0.0000,169.2528,0.0000,24.6608,0.120978
miranda_cuszp_1e3,cuszp,write,49.7245,0.0000,40.5174,0.0355,7.7082,30.9398,0.0000,9.5776,30.9398,1.4633,0.029429
miranda_cuszp_1e3,cuszp,read,203.8350,0.0000,173.5653,0.0000,10.1189,0.0000,0.0000,173.5653,0.0000,20.1508,0.098858
ocean_temp_cuszp_1e3,cuszp,write,170.9090,0.0000,27.2535,0.0151,139.3708,4.0665,0.0000,23.1870,4.0665,4.2696,0.024982
ocean_temp_cuszp_1e3,cuszp,read,182.7277,0.0000,81.5320,0.0000,79.1865,0.0000,0.0000,81.5320,0.0000,22.0091,0.120448
ocean_temp_cuszp_1e3,cuszp,write,184.6466,0.0000,38.3419,0.0288,142.0703,14.9384,0.0000,23.4035,14.9384,4.2056,0.022776
ocean_temp_cuszp_1e3,cuszp,read,192.8989,0.0000,85.2510,0.0000,78.6052,0.0000,0.0000,85.2510,0.0000,29.0427,0.150559
ocean_temp_cuszp_1e3,cuszp,write,149.1386,0.0000,26.9569,0.0172,118.0028,3.7008,0.0000,23.2561,3.7008,4.1617,0.027905
ocean_temp_cuszp_1e3,cuszp,read,152.8051,0.0000,81.8220,0.0000,58.0986,0.0000,0.0000,81.8220,0.0000,12.8846,0.084321
ocean_temp_cuszp_1e3,cuszp,write,268.5021,0.0000,37.7680,0.0273,226.5539,14.8848,0.0000,22.8832,14.8848,4.1529,0.015467
ocean_temp_cuszp_1e3,cuszp,read,209.6405,0.0000,82.9568,0.0000,107.0310,0.0000,0.0000,82.9568,0.0000,19.6527,0.093745
ocean_temp_cuszp_1e3,cuszp,write,191.9160,0.0000,31.7998,0.0164,155.9647,6.8292,0.0000,24.9707,6.8292,4.1351,0.021546
ocean_temp_cuszp_1e3,cuszp,read,160.2874,0.0000,81.0869,0.0000,66.2372,0.0000,0.0000,81.0869,0.0000,12.9633,0.080875
ocean_temp_cuszp_1e3,cuszp,write,199.3954,0.0000,41.4560,0.0281,153.6805,17.8286,0.0000,23.6274,17.8286,4.2308,0.021218
ocean_temp_cuszp_1e3,cuszp,read,161.9853,0.0000,85.1166,0.0000,54.9278,0.0000,0.0000,85.1166,0.0000,21.9410,0.135450
ocean_temp_cuszp_1e3,cuszp,write,180.7739,0.0000,26.6608,0.0162,149.8725,3.6820,0.0000,22.9788,3.6820,4.2244,0.023368
ocean_temp_cuszp_1e3,cuszp,read,169.5939,0.0000,81.8782,0.0000,74.8180,0.0000,0.0000,81.8782,0.0000,12.8978,0.076051
ocean_temp_cuszp_1e3,cuszp,write,269.7904,0.0000,37.5857,0.0285,227.9608,15.1193,0.0000,22.4664,15.1193,4.2154,0.015625
ocean_temp_cuszp_1e3,cuszp,read,185.7873,0.0000,86.2226,0.0000,70.8372,0.0000,0.0000,86.2226,0.0000,28.7275,0.154626
ocean_temp_cuszp_1e3,cuszp,write,206.3322,0.0000,26.2808,0.0181,175.6962,3.6493,0.0000,22.6315,3.6493,4.3371,0.021020
ocean_temp_cuszp_1e3,cuszp,read,129.1576,0.0000,79.0151,0.0000,37.0823,0.0000,0.0000,79.0151,0.0000,13.0602,0.101119
ocean_temp_cuszp_1e3,cuszp,write,211.2377,0.0000,39.3378,0.0282,167.6270,15.1111,0.0000,24.2266,15.1111,4.2447,0.020095
ocean_temp_cuszp_1e3,cuszp,read,190.6660,0.0000,83.0837,0.0000,83.7883,0.0000,0.0000,83.0837,0.0000,23.7940,0.124794
ocean_temp_cuszp_1e3,cuszp,write,179.6712,0.0000,31.4718,0.0176,143.9425,6.2080,0.0000,25.2638,6.2080,4.2393,0.023595
ocean_temp_cuszp_1e3,cuszp,read,231.9862,0.0000,78.9263,0.0000,68.7453,0.0000,0.0000,78.9263,0.0000,84.3146,0.363447
ocean_temp_cuszp_1e3,cuszp,write,181.6293,0.0000,39.1965,0.0277,138.1855,14.9351,0.0000,24.2614,14.9351,4.2196,0.023232
ocean_temp_cuszp_1e3,cuszp,read,151.0248,0.0000,82.3740,0.0000,49.9960,0.0000,0.0000,82.3740,0.0000,18.6547,0.123521
ocean_temp_cuszp_1e3,cuszp,write,206.9383,0.0000,26.8097,0.0165,175.8905,3.6681,0.0000,23.1416,3.6681,4.2216,0.020400
ocean_temp_cuszp_1e3,cuszp,read,142.9655,0.0000,82.9054,0.0000,46.8253,0.0000,0.0000,82.9054,0.0000,13.2348,0.092573
ocean_temp_cuszp_1e3,cuszp,write,163.8713,0.0000,42.9237,0.0288,116.7290,18.8324,0.0000,24.0913,18.8324,4.1899,0.025568
ocean_temp_cuszp_1e3,cuszp,read,145.3157,0.0000,82.2190,0.0000,46.6214,0.0000,0.0000,82.2190,0.0000,16.4753,0.113376
ocean_temp_cuszp_1e3,cuszp,write,146.2582,0.0000,25.1127,0.0129,117.7390,3.9355,0.0000,21.1772,3.9355,3.3936,0.023203
ocean_temp_cuszp_1e3,cuszp,read,164.3801,0.0000,77.7539,0.0000,74.5162,0.0000,0.0000,77.7539,0.0000,12.1099,0.073670
ocean_temp_cuszp_1e3,cuszp,write,182.6440,0.0000,36.4489,0.0269,142.8213,15.1972,0.0000,21.2517,15.1972,3.3469,0.018325
ocean_temp_cuszp_1e3,cuszp,read,188.6610,0.0000,79.1589,0.0000,97.6040,0.0000,0.0000,79.1589,0.0000,11.8981,0.063066
scale-T_cuszp_1e3,cuszp,write,186.3976,0.0000,33.7254,0.0239,147.6574,5.1794,0.0000,28.5460,5.1794,4.9908,0.026775
scale-T_cuszp_1e3,cuszp,read,387.1433,0.0000,319.9510,0.0000,27.0416,0.0000,0.0000,319.9510,0.0000,40.1507,0.103710
scale-T_cuszp_1e3,cuszp,write,278.0330,0.0000,82.0537,0.0371,191.8618,55.4445,0.0000,26.6092,55.4445,4.0804,0.014676
scale-T_cuszp_1e3,cuszp,read,441.0148,0.0000,308.0142,0.0000,25.6317,0.0000,0.0000,308.0142,0.0000,107.3688,0.243459
scale-T_cuszp_1e3,cuszp,write,195.4133,0.0000,33.1258,0.0219,157.5162,4.7929,0.0000,28.3329,4.7929,4.7495,0.024305
scale-T_cuszp_1e3,cuszp,read,375.7125,0.0000,309.6194,0.0000,26.2038,0.0000,0.0000,309.6194,0.0000,39.8894,0.106170
scale-T_cuszp_1e3,cuszp,write,211.3348,0.0000,80.2069,0.0376,127.0145,52.9527,0.0000,27.2542,52.9527,4.0757,0.019286
scale-T_cuszp_1e3,cuszp,read,451.1614,0.0000,318.8203,0.0000,26.5234,0.0000,0.0000,318.8203,0.0000,105.8177,0.234545
scale-T_cuszp_1e3,cuszp,write,181.1109,0.0000,33.1445,0.0216,143.1921,4.8107,0.0000,28.3338,4.8107,4.7527,0.026242
scale-T_cuszp_1e3,cuszp,read,390.3482,0.0000,324.4728,0.0000,26.7834,0.0000,0.0000,324.4728,0.0000,39.0920,0.100146
scale-T_cuszp_1e3,cuszp,write,221.7978,0.0000,79.8006,0.0367,137.8865,52.9161,0.0000,26.8845,52.9161,4.0741,0.018368
scale-T_cuszp_1e3,cuszp,read,428.3964,0.0000,306.3764,0.0000,25.2604,0.0000,0.0000,306.3764,0.0000,96.7596,0.225865
scale-T_cuszp_1e3,cuszp,write,150.7410,0.0000,32.4853,0.0214,113.5195,4.7803,0.0000,27.7050,4.7803,4.7148,0.031277
scale-T_cuszp_1e3,cuszp,read,386.2885,0.0000,318.9026,0.0000,26.9532,0.0000,0.0000,318.9026,0.0000,40.4326,0.104669
scale-T_cuszp_1e3,cuszp,write,236.3548,0.0000,79.3557,0.0366,152.8735,52.8475,0.0000,26.5082,52.8475,4.0890,0.017300
scale-T_cuszp_1e3,cuszp,read,415.7549,0.0000,316.3874,0.0000,26.2696,0.0000,0.0000,316.3874,0.0000,73.0979,0.175820
scale-T_cuszp_1e3,cuszp,write,230.9602,0.0000,33.9913,0.0228,192.2102,5.6499,0.0000,28.3414,5.6499,4.7360,0.020505
scale-T_cuszp_1e3,cuszp,read,385.5899,0.0000,319.6407,0.0000,26.8749,0.0000,0.0000,319.6407,0.0000,39.0742,0.101336
scale-T_cuszp_1e3,cuszp,write,222.5792,0.0000,87.1114,0.0378,131.2956,58.3839,0.0000,28.7275,58.3839,4.1345,0.018575
scale-T_cuszp_1e3,cuszp,read,439.0343,0.0000,309.5397,0.0000,25.5749,0.0000,0.0000,309.5397,0.0000,103.9197,0.236701
scale-T_cuszp_1e3,cuszp,write,205.5282,0.0000,33.0136,0.0216,167.7663,4.7879,0.0000,28.2257,4.7879,4.7268,0.022998
scale-T_cuszp_1e3,cuszp,read,387.4797,0.0000,320.4189,0.0000,27.0896,0.0000,0.0000,320.4189,0.0000,39.9712,0.103157
scale-T_cuszp_1e3,cuszp,write,285.5977,0.0000,97.4138,0.0378,183.9645,67.6908,0.0000,29.7229,67.6908,4.1816,0.014642
scale-T_cuszp_1e3,cuszp,read,379.2364,0.0000,315.6033,0.0000,25.4533,0.0000,0.0000,315.6033,0.0000,38.1799,0.100676
scale-T_cuszp_1e3,cuszp,write,201.1011,0.0000,33.0335,0.0214,163.2851,4.7874,0.0000,28.2461,4.7874,4.7610,0.023675
scale-T_cuszp_1e3,cuszp,read,388.1435,0.0000,319.8072,0.0000,27.9140,0.0000,0.0000,319.8072,0.0000,40.4222,0.104142
scale-T_cuszp_1e3,cuszp,write,243.8297,0.0000,81.9701,0.0399,157.5099,53.1139,0.0000,28.8562,53.1139,4.3097,0.017675
scale-T_cuszp_1e3,cuszp,read,451.5216,0.0000,320.7978,0.0000,25.3753,0.0000,0.0000,320.7978,0.0000,105.3485,0.233319
scale-T_cuszp_1e3,cuszp,write,197.5188,0.0000,32.5587,0.0185,160.8400,5.0777,0.0000,27.4810,5.0777,4.1017,0.020766
scale-T_cuszp_1e3,cuszp,read,376.3359,0.0000,307.8379,0.0000,27.1842,0.0000,0.0000,307.8379,0.0000,41.3138,0.109779
scale-T_cuszp_1e3,cuszp,write,238.5784,0.0000,79.8683,0.0367,154.8378,53.5336,0.0000,26.3347,53.5336,3.8356,0.016077
scale-T_cuszp_1e3,cuszp,read,377.8851,0.0000,313.6772,0.0000,26.2880,0.0000,0.0000,313.6772,0.0000,37.9199,0.100348
nyx_baryon_cuszp_1e3,cuszp,write,260.1870,0.0000,79.8013,0.0174,168.1373,5.9470,0.0000,73.8543,5.9470,12.2309,0.047008
nyx_baryon_cuszp_1e3,cuszp,read,432.4718,0.0000,315.2954,0.0000,72.7008,0.0000,0.0000,315.2954,0.0000,44.4755,0.102840
nyx_baryon_cuszp_1e3,cuszp,write,309.2778,0.0000,125.8472,0.0277,172.2609,53.2053,0.0000,72.6419,53.2053,11.1420,0.036026
nyx_baryon_cuszp_1e3,cuszp,read,434.7103,0.0000,315.9581,0.0000,75.2622,0.0000,0.0000,315.9581,0.0000,43.4900,0.100044
nyx_baryon_cuszp_1e3,cuszp,write,257.4218,0.0000,83.3436,0.0157,161.6716,9.0417,0.0000,74.3019,9.0417,12.3909,0.048135
nyx_baryon_cuszp_1e3,cuszp,read,495.0851,0.0000,311.3003,0.0000,72.1029,0.0000,0.0000,311.3003,0.0000,111.6819,0.225581
nyx_baryon_cuszp_1e3,cuszp,write,380.5657,0.0000,124.8393,0.0282,244.6033,51.4980,0.0000,73.3413,51.4980,11.0949,0.029154
nyx_baryon_cuszp_1e3,cuszp,read,426.5293,0.0000,310.5924,0.0000,72.5712,0.0000,0.0000,310.5924,0.0000,43.3658,0.101671
nyx_baryon_cuszp_1e3,cuszp,write,266.2632,0.0000,78.2827,0.0152,175.6014,5.9216,0.0000,72.3611,5.9216,12.3639,0.046435
nyx_baryon_cuszp_1e3,cuszp,read,427.0816,0.0000,309.4486,0.0000,73.4414,0.0000,0.0000,309.4486,0.0000,44.1916,0.103473
nyx_baryon_cuszp_1e3,cuszp,write,300.2994,0.0000,124.5794,0.0268,164.5617,51.8614,0.0000,72.7180,51.8614,11.1314,0.037068
nyx_baryon_cuszp_1e3,cuszp,read,426.3866,0.0000,309.2427,0.0000,72.4750,0.0000,0.0000,309.2427,0.0000,44.6688,0.104761
nyx_baryon_cuszp_1e3,cuszp,write,251.0395,0.0000,79.8272,0.0144,158.7660,5.9264,0.0000,73.9008,5.9264,12.4319,0.049522
nyx_baryon_cuszp_1e3,cuszp,read,419.7171,0.0000,304.1154,0.0000,70.6773,0.0000,0.0000,304.1154,0.0000,44.9245,0.107035
nyx_baryon_cuszp_1e3,cuszp,write,320.8359,0.0000,131.8881,0.0281,177.6075,52.2134,0.0000,79.6747,52.2134,11.3123,0.035259
nyx_baryon_cuszp_1e3,cuszp,read,422.5961,0.0000,306.5520,0.0000,72.1671,0.0000,0.0000,306.5520,0.0000,43.8770,0.103827
nyx_baryon_cuszp_1e3,cuszp,write,299.9854,0.0000,80.6482,0.0163,206.8320,5.9791,0.0000,74.6691,5.9791,12.4889,0.041632
nyx_baryon_cuszp_1e3,cuszp,read,501.2787,0.0000,317.1509,0.0000,72.5989,0.0000,0.0000,317.1509,0.0000,111.5289,0.222489
nyx_baryon_cuszp_1e3,cuszp,write,279.3772,0.0000,126.2165,0.0285,142.0234,52.1900,0.0000,74.0265,52.1900,11.1088,0.039763
nyx_baryon_cuszp_1e3,cuszp,read,412.8132,0.0000,299.6050,0.0000,68.9517,0.0000,0.0000,299.6050,0.0000,44.2565,0.107207
nyx_baryon_cuszp_1e3,cuszp,write,250.8042,0.0000,87.3077,0.0159,150.9381,11.2307,0.0000,76.0770,11.2307,12.5426,0.050009
nyx_baryon_cuszp_1e3,cuszp,read,431.7562,0.0000,313.5502,0.0000,72.9386,0.0000,0.0000,313.5502,0.0000,45.2674,0.104845
nyx_baryon_cuszp_1e3,cuszp,write,280.9117,0.0000,124.7220,0.0277,145.0098,51.8960,0.0000,72.8260,51.8960,11.1522,0.039700
nyx_baryon_cuszp_1e3,cuszp,read,428.2867,0.0000,312.0699,0.0000,71.9270,0.0000,0.0000,312.0699,0.0000,44.2898,0.103412
nyx_baryon_cuszp_1e3,cuszp,write,225.2889,0.0000,80.6003,0.0175,132.1469,5.9801,0.0000,74.6202,5.9801,12.5242,0.055592
nyx_baryon_cuszp_1e3,cuszp,read,439.5426,0.0000,315.8652,0.0000,78.4778,0.0000,0.0000,315.8652,0.0000,45.1995,0.102833
nyx_baryon_cuszp_1e3,cuszp,write,294.7747,0.0000,124.7968,0.0281,158.6335,52.4436,0.0000,72.3533,52.4436,11.3163,0.038390
nyx_baryon_cuszp_1e3,cuszp,read,428.5941,0.0000,313.4877,0.0000,70.9873,0.0000,0.0000,313.4877,0.0000,44.1192,0.102939
nyx_baryon_cuszp_1e3,cuszp,write,285.2422,0.0000,78.4061,0.0147,195.8154,6.2585,0.0000,72.1475,6.2585,11.0060,0.038585
nyx_baryon_cuszp_1e3,cuszp,read,419.6589,0.0000,301.5137,0.0000,73.3593,0.0000,0.0000,301.5137,0.0000,44.7859,0.106720
nyx_baryon_cuszp_1e3,cuszp,write,301.9297,0.0000,127.2318,0.0277,163.9408,53.6658,0.0000,73.5660,53.6658,10.7294,0.035536
nyx_baryon_cuszp_1e3,cuszp,read,434.0450,0.0000,312.6193,0.0000,73.2046,0.0000,0.0000,312.6193,0.0000,48.2211,0.111097
